{"stats":{"minecraft:crafted":{"minecraft:oak_planks":20,"minecraft:stone_shovel":1,"minecraft:crafting_table":1,"minecraft:stick":12,"minecraft:wooden_pickaxe":1,"minecraft:stone_pickaxe":1,"minecraft:stone_sword":1,"minecraft:white_bed":1,"minecraft:stone_axe":1},"minecraft:custom":{"minecraft:time_since_rest":8763,"minecraft:sprint_one_cm":53494,"minecraft:damage_taken":483,"minecraft:walk_one_cm":35533,"minecraft:mob_kills":19,"minecraft:damage_dealt":2697,"minecraft:player_kills":1,"minecraft:fly_one_cm":60525,"minecraft:swim_one_cm":415,"minecraft:interact_with_crafting_table":4,"minecraft:play_time":11504,"minecraft:deaths":1,"minecraft:sneak_time":9,"minecraft:walk_under_water_one_cm":879,"minecraft:jump":316,"minecraft:walk_on_water_one_cm":2671,"minecraft:time_since_death":8736,"minecraft:total_world_time":11504,"minecraft:fall_one_cm":7477},"minecraft:mined":{"minecraft:crafting_table":2,"minecraft:short_grass":18,"minecraft:grass_block":13,"minecraft:oak_log":10,"minecraft:gravel":4,"minecraft:sand":4,"minecraft:dirt":6,"minecraft:stone":40},"minecraft:used":{"minecraft:wooden_pickaxe":44,"minecraft:gravel":2,"minecraft:stone_axe":28,"minecraft:dirt":5,"minecraft:mutton":5,"minecraft:beef":5,"minecraft:crafting_table":2},"minecraft:killed_by":{"minecraft:player":1},"minecraft:picked_up":{"minecraft:stick":2,"minecraft:crafting_table":2,"minecraft:leather":3,"minecraft:gravel":2,"minecraft:porkchop":7,"minecraft:sand":4,"minecraft:flint":2,"minecraft:oak_log":10,"minecraft:dirt":19,"minecraft:rotten_flesh":3,"minecraft:wheat_seeds":3,"minecraft:beef":7,"minecraft:birch_sapling":1,"minecraft:mutton":18,"minecraft:white_wool":11,"minecraft:cobblestone":40},"minecraft:killed":{"minecraft:sheep":11,"minecraft:zombie":2,"minecraft:pig":3,"minecraft:cow":3}},"DataVersion":3953}