{"stats":{"minecraft:broken":{"minecraft:stone_axe":1},"minecraft:mined":{"minecraft:pink_petals":1,"minecraft:white_bed":3,"minecraft:furnace":1,"minecraft:birch_leaves":1,"minecraft:crafting_table":5,"minecraft:short_grass":27,"minecraft:grass_block":16,"minecraft:oak_log":21,"minecraft:coal_ore":1,"minecraft:gravel":4,"minecraft:sand":4,"minecraft:dirt":16,"minecraft:stone":51},"minecraft:killed_by":{"minecraft:player":1},"minecraft:used":{"minecraft:stone_sword":37,"minecraft:stone_pickaxe":15,"minecraft:stone_shovel":10,"minecraft:wooden_pickaxe":44,"minecraft:gravel":2,"minecraft:stone_axe":84,"minecraft:cobblestone":5,"minecraft:dirt":7,"minecraft:mutton":14,"minecraft:beef":5,"minecraft:crafting_table":5,"minecraft:furnace":1,"minecraft:cooked_porkchop":7,"minecraft:oak_boat":2,"minecraft:white_bed":3},"minecraft:custom":{"minecraft:time_since_rest":10842,"minecraft:interact_with_furnace":19,"minecraft:sprint_one_cm":235573,"minecraft:damage_taken":773,"minecraft:walk_one_cm":78324,"minecraft:mob_kills":60,"minecraft:drop":1,"minecraft:damage_dealt":6520,"minecraft:swim_one_cm":26999,"minecraft:interact_with_crafting_table":8,"minecraft:fly_one_cm":334295,"minecraft:player_kills":1,"minecraft:open_chest":6,"minecraft:crouch_one_cm":170,"minecraft:play_time":41083,"minecraft:deaths":1,"minecraft:sneak_time":106,"minecraft:walk_under_water_one_cm":2225,"minecraft:boat_one_cm":60205,"minecraft:jump":1386,"minecraft:time_since_death":38315,"minecraft:walk_on_water_one_cm":6686,"minecraft:sleep_in_bed":4,"minecraft:total_world_time":41083,"minecraft:fall_one_cm":40590},"minecraft:crafted":{"minecraft:oak_boat":1,"minecraft:oak_planks":64,"minecraft:stone_shovel":1,"minecraft:charcoal":5,"minecraft:cooked_porkchop":11,"minecraft:crafting_table":1,"minecraft:stick":12,"minecraft:wooden_pickaxe":1,"minecraft:stone_pickaxe":1,"minecraft:stone_sword":1,"minecraft:furnace":1,"minecraft:white_bed":1,"minecraft:stone_axe":1,"minecraft:air":0},"minecraft:dropped":{"minecraft:poppy":1},"minecraft:picked_up":{"minecraft:charcoal":3,"minecraft:pink_petals":4,"minecraft:stick":2,"minecraft:crafting_table":5,"minecraft:leather":25,"minecraft:gravel":2,"minecraft:sand":4,"minecraft:porkchop":42,"minecraft:flint":2,"minecraft:oak_log":21,"minecraft:white_bed":3,"minecraft:dirt":32,"minecraft:rotten_flesh":3,"minecraft:wheat_seeds":4,"minecraft:beef":41,"minecraft:oak_boat":1,"minecraft:mutton":29,"minecraft:birch_sapling":1,"minecraft:coal":1,"minecraft:white_wool":18,"minecraft:cobblestone":51,"minecraft:furnace":1},"minecraft:killed":{"minecraft:sheep":18,"minecraft:zombie":2,"minecraft:pig":21,"minecraft:cow":19}},"DataVersion":3953}