{"stats":{"minecraft:broken":{"minecraft:stone_axe":1},"minecraft:mined":{"minecraft:white_bed":4,"minecraft:kelp_plant":1,"minecraft:dark_oak_log":2,"minecraft:crafting_table":9,"minecraft:short_grass":28,"minecraft:grass_block":17,"minecraft:jungle_planks":1,"minecraft:tall_grass":1,"minecraft:sugar_cane":3,"minecraft:sandstone":10,"minecraft:pink_petals":1,"minecraft:furnace":2,"minecraft:iron_ore":30,"minecraft:birch_leaves":1,"minecraft:gold_block":1,"minecraft:coal_ore":9,"minecraft:oak_log":21,"minecraft:dirt":16,"minecraft:gravel":4,"minecraft:sand":70,"minecraft:stone":57,"minecraft:oak_leaves":3,"minecraft:spruce_slab":2},"minecraft:killed_by":{"minecraft:player":1},"minecraft:used":{"minecraft:water_bucket":5,"minecraft:stone_sword":39,"minecraft:stone_shovel":74,"minecraft:stone_pickaxe":71,"minecraft:shield":4,"minecraft:chest":1,"minecraft:wooden_pickaxe":44,"minecraft:sandstone":10,"minecraft:iron_sword":19,"minecraft:cooked_salmon":7,"minecraft:dirt":7,"minecraft:sand":21,"minecraft:mutton":14,"minecraft:crafting_table":9,"minecraft:white_bed":5,"minecraft:apple":1,"minecraft:iron_pickaxe":1,"minecraft:gravel":2,"minecraft:stone_axe":105,"minecraft:cobblestone":5,"minecraft:beef":5,"minecraft:furnace":2,"minecraft:cooked_porkchop":10,"minecraft:bucket":6,"minecraft:oak_boat":7,"minecraft:cooked_beef":3},"minecraft:custom":{"minecraft:interact_with_furnace":36,"minecraft:mob_kills":69,"minecraft:interact_with_crafting_table":20,"minecraft:bell_ring":15,"minecraft:time_since_death":92315,"minecraft:sleep_in_bed":6,"minecraft:time_since_rest":12780,"minecraft:sprint_one_cm":457581,"minecraft:damage_taken":1102,"minecraft:walk_one_cm":143246,"minecraft:damage_blocked_by_shield":487,"minecraft:drop":16,"minecraft:damage_dealt":8580,"minecraft:talked_to_villager":1,"minecraft:swim_one_cm":58057,"minecraft:fly_one_cm":623738,"minecraft:player_kills":1,"minecraft:open_chest":43,"minecraft:crouch_one_cm":775,"minecraft:play_time":95083,"minecraft:deaths":1,"minecraft:sneak_time":570,"minecraft:walk_under_water_one_cm":12444,"minecraft:boat_one_cm":351126,"minecraft:jump":2970,"minecraft:walk_on_water_one_cm":23469,"minecraft:total_world_time":95083,"minecraft:fall_one_cm":87348,"minecraft:horse_one_cm":1837},"minecraft:dropped":{"minecraft:wheat_seeds":5,"minecraft:iron_nugget":30,"minecraft:birch_sapling":1,"minecraft:rotten_flesh":3,"minecraft:apple":8,"minecraft:gold_block":1,"minecraft:filled_map":4,"minecraft:poppy":1,"minecraft:dirt":30,"minecraft:spruce_slab":2,"minecraft:sand":44},"minecraft:crafted":{"minecraft:cooked_beef":40,"minecraft:oak_planks":64,"minecraft:stone_shovel":1,"minecraft:cooked_porkchop":11,"minecraft:crafting_table":1,"minecraft:wooden_pickaxe":1,"minecraft:iron_helmet":1,"minecraft:furnace":1,"minecraft:bucket":1,"minecraft:stone_axe":2,"minecraft:air":0,"minecraft:oak_boat":1,"minecraft:diamond_pickaxe":1,"minecraft:iron_boots":1,"minecraft:iron_chestplate":1,"minecraft:charcoal":5,"minecraft:shield":1,"minecraft:stick":16,"minecraft:iron_pickaxe":1,"minecraft:iron_ingot":5,"minecraft:stone_pickaxe":1,"minecraft:stone_sword":1,"minecraft:chest":1,"minecraft:gold_ingot":9,"minecraft:white_bed":1},"minecraft:picked_up":{"minecraft:pink_petals":4,"minecraft:charcoal":3,"minecraft:crafting_table":9,"minecraft:leather":34,"minecraft:gold_block":2,"minecraft:flint":2,"minecraft:oak_log":21,"minecraft:dirt":63,"minecraft:bone":1,"minecraft:apple":8,"minecraft:wheat_seeds":4,"minecraft:iron_ingot":5,"minecraft:beef":63,"minecraft:oak_boat":6,"minecraft:iron_nugget":27,"minecraft:spruce_slab":2,"minecraft:sugar_cane":9,"minecraft:birch_sapling":1,"minecraft:furnace":2,"minecraft:stick":2,"minecraft:raw_iron":30,"minecraft:sandstone":10,"minecraft:gravel":2,"minecraft:jungle_planks":1,"minecraft:porkchop":42,"minecraft:sand":113,"minecraft:pointed_dripstone":1,"minecraft:diorite":1,"minecraft:white_bed":4,"minecraft:arrow":2,"minecraft:rotten_flesh":6,"minecraft:oak_sapling":1,"minecraft:mutton":30,"minecraft:coal":28,"minecraft:white_wool":19,"minecraft:cobblestone":58},"minecraft:killed":{"minecraft:pig":21,"minecraft:iron_golem":1,"minecraft:skeleton":1,"minecraft:sheep":18,"minecraft:zombie":3,"minecraft:cow":25}},"DataVersion":3953}