{"stats":{"minecraft:broken":{"minecraft:stone_axe":1},"minecraft:mined":{"minecraft:white_bed":4,"minecraft:kelp_plant":1,"minecraft:dark_oak_log":2,"minecraft:crafting_table":6,"minecraft:short_grass":28,"minecraft:grass_block":17,"minecraft:jungle_planks":1,"minecraft:sugar_cane":3,"minecraft:sandstone":10,"minecraft:pink_petals":1,"minecraft:furnace":1,"minecraft:birch_leaves":1,"minecraft:coal_ore":9,"minecraft:oak_log":21,"minecraft:dirt":16,"minecraft:gravel":4,"minecraft:sand":70,"minecraft:stone":53,"minecraft:spruce_slab":2},"minecraft:killed_by":{"minecraft:player":1},"minecraft:used":{"minecraft:stone_sword":39,"minecraft:stone_shovel":74,"minecraft:stone_pickaxe":36,"minecraft:wooden_pickaxe":44,"minecraft:sandstone":10,"minecraft:iron_sword":11,"minecraft:cooked_salmon":4,"minecraft:dirt":7,"minecraft:sand":21,"minecraft:mutton":14,"minecraft:crafting_table":6,"minecraft:white_bed":4,"minecraft:apple":1,"minecraft:gravel":2,"minecraft:stone_axe":102,"minecraft:cobblestone":5,"minecraft:beef":5,"minecraft:furnace":1,"minecraft:cooked_porkchop":10,"minecraft:oak_boat":6},"minecraft:custom":{"minecraft:interact_with_furnace":19,"minecraft:mob_kills":67,"minecraft:interact_with_crafting_table":11,"minecraft:time_since_death":68315,"minecraft:sleep_in_bed":5,"minecraft:time_since_rest":28128,"minecraft:sprint_one_cm":341499,"minecraft:damage_taken":1033,"minecraft:walk_one_cm":111567,"minecraft:drop":9,"minecraft:damage_dealt":8120,"minecraft:swim_one_cm":53407,"minecraft:fly_one_cm":448453,"minecraft:player_kills":1,"minecraft:open_chest":27,"minecraft:crouch_one_cm":484,"minecraft:play_time":71083,"minecraft:deaths":1,"minecraft:sneak_time":400,"minecraft:walk_under_water_one_cm":11386,"minecraft:boat_one_cm":313642,"minecraft:jump":1995,"minecraft:walk_on_water_one_cm":22395,"minecraft:total_world_time":71083,"minecraft:fall_one_cm":56335},"minecraft:dropped":{"minecraft:wheat_seeds":5,"minecraft:iron_nugget":3,"minecraft:birch_sapling":1,"minecraft:filled_map":4,"minecraft:poppy":1,"minecraft:spruce_slab":2},"minecraft:crafted":{"minecraft:oak_planks":64,"minecraft:stone_shovel":1,"minecraft:cooked_porkchop":11,"minecraft:crafting_table":1,"minecraft:wooden_pickaxe":1,"minecraft:furnace":1,"minecraft:stone_axe":2,"minecraft:air":0,"minecraft:oak_boat":1,"minecraft:charcoal":5,"minecraft:stick":12,"minecraft:iron_pickaxe":1,"minecraft:iron_ingot":2,"minecraft:stone_pickaxe":1,"minecraft:stone_sword":1,"minecraft:white_bed":1},"minecraft:picked_up":{"minecraft:pink_petals":4,"minecraft:charcoal":3,"minecraft:crafting_table":6,"minecraft:leather":34,"minecraft:flint":2,"minecraft:oak_log":21,"minecraft:dirt":33,"minecraft:wheat_seeds":4,"minecraft:iron_ingot":5,"minecraft:beef":54,"minecraft:oak_boat":6,"minecraft:spruce_slab":2,"minecraft:sugar_cane":9,"minecraft:birch_sapling":1,"minecraft:furnace":1,"minecraft:stick":2,"minecraft:sandstone":10,"minecraft:gravel":2,"minecraft:jungle_planks":1,"minecraft:porkchop":42,"minecraft:sand":69,"minecraft:white_bed":4,"minecraft:rotten_flesh":3,"minecraft:mutton":30,"minecraft:coal":9,"minecraft:white_wool":19,"minecraft:cobblestone":53},"minecraft:killed":{"minecraft:pig":21,"minecraft:iron_golem":1,"minecraft:sheep":18,"minecraft:zombie":2,"minecraft:cow":25}},"DataVersion":3953}