{"stats":{"minecraft:broken":{"minecraft:stone_axe":1},"minecraft:mined":{"minecraft:white_bed":4,"minecraft:kelp_plant":1,"minecraft:crafting_table":6,"minecraft:short_grass":28,"minecraft:grass_block":16,"minecraft:sugar_cane":1,"minecraft:sandstone":10,"minecraft:pink_petals":1,"minecraft:furnace":1,"minecraft:birch_leaves":1,"minecraft:coal_ore":5,"minecraft:oak_log":21,"minecraft:dirt":16,"minecraft:gravel":4,"minecraft:sand":63,"minecraft:stone":53,"minecraft:spruce_slab":2},"minecraft:killed_by":{"minecraft:player":1},"minecraft:used":{"minecraft:stone_sword":39,"minecraft:stone_shovel":67,"minecraft:stone_pickaxe":32,"minecraft:wooden_pickaxe":44,"minecraft:sandstone":10,"minecraft:dirt":7,"minecraft:sand":11,"minecraft:mutton":14,"minecraft:crafting_table":6,"minecraft:white_bed":4,"minecraft:gravel":2,"minecraft:stone_axe":91,"minecraft:cobblestone":5,"minecraft:beef":5,"minecraft:furnace":1,"minecraft:cooked_porkchop":10,"minecraft:oak_boat":4},"minecraft:custom":{"minecraft:interact_with_furnace":19,"minecraft:mob_kills":62,"minecraft:interact_with_crafting_table":11,"minecraft:time_since_death":56315,"minecraft:sleep_in_bed":5,"minecraft:time_since_rest":16128,"minecraft:sprint_one_cm":260761,"minecraft:damage_taken":833,"minecraft:walk_one_cm":97773,"minecraft:drop":7,"minecraft:damage_dealt":6720,"minecraft:swim_one_cm":46131,"minecraft:fly_one_cm":376267,"minecraft:player_kills":1,"minecraft:open_chest":18,"minecraft:crouch_one_cm":389,"minecraft:play_time":59083,"minecraft:deaths":1,"minecraft:sneak_time":324,"minecraft:walk_under_water_one_cm":10337,"minecraft:boat_one_cm":263749,"minecraft:jump":1627,"minecraft:walk_on_water_one_cm":17623,"minecraft:total_world_time":59083,"minecraft:fall_one_cm":45118},"minecraft:dropped":{"minecraft:wheat_seeds":5,"minecraft:iron_nugget":3,"minecraft:birch_sapling":1,"minecraft:filled_map":2,"minecraft:poppy":1,"minecraft:spruce_slab":2},"minecraft:crafted":{"minecraft:oak_planks":64,"minecraft:stone_shovel":1,"minecraft:cooked_porkchop":11,"minecraft:crafting_table":1,"minecraft:wooden_pickaxe":1,"minecraft:furnace":1,"minecraft:stone_axe":2,"minecraft:air":0,"minecraft:oak_boat":1,"minecraft:charcoal":5,"minecraft:stick":12,"minecraft:iron_pickaxe":1,"minecraft:iron_ingot":2,"minecraft:stone_pickaxe":1,"minecraft:stone_sword":1,"minecraft:white_bed":1},"minecraft:picked_up":{"minecraft:pink_petals":4,"minecraft:charcoal":3,"minecraft:crafting_table":6,"minecraft:leather":28,"minecraft:flint":2,"minecraft:oak_log":21,"minecraft:dirt":32,"minecraft:wheat_seeds":4,"minecraft:beef":47,"minecraft:oak_boat":4,"minecraft:spruce_slab":2,"minecraft:sugar_cane":3,"minecraft:birch_sapling":1,"minecraft:furnace":1,"minecraft:stick":2,"minecraft:sandstone":10,"minecraft:gravel":2,"minecraft:porkchop":42,"minecraft:sand":62,"minecraft:white_bed":4,"minecraft:rotten_flesh":3,"minecraft:mutton":29,"minecraft:coal":5,"minecraft:white_wool":18,"minecraft:cobblestone":53},"minecraft:killed":{"minecraft:pig":21,"minecraft:sheep":18,"minecraft:zombie":2,"minecraft:cow":21}},"DataVersion":3953}