{"stats":{"minecraft:mined":{"minecraft:pink_petals":1,"minecraft:white_bed":2,"minecraft:furnace":1,"minecraft:crafting_table":3,"minecraft:short_grass":24,"minecraft:grass_block":16,"minecraft:oak_log":10,"minecraft:coal_ore":1,"minecraft:gravel":4,"minecraft:sand":4,"minecraft:dirt":16,"minecraft:stone":51},"minecraft:killed_by":{"minecraft:player":1},"minecraft:used":{"minecraft:stone_sword":12,"minecraft:stone_pickaxe":15,"minecraft:stone_shovel":10,"minecraft:wooden_pickaxe":44,"minecraft:gravel":2,"minecraft:stone_axe":63,"minecraft:dirt":7,"minecraft:mutton":14,"minecraft:beef":5,"minecraft:crafting_table":3,"minecraft:furnace":1,"minecraft:cooked_porkchop":5,"minecraft:white_bed":2},"minecraft:custom":{"minecraft:time_since_rest":12087,"minecraft:interact_with_furnace":19,"minecraft:sprint_one_cm":166122,"minecraft:damage_taken":703,"minecraft:walk_one_cm":63361,"minecraft:mob_kills":44,"minecraft:drop":1,"minecraft:damage_dealt":4929,"minecraft:swim_one_cm":16504,"minecraft:interact_with_crafting_table":5,"minecraft:fly_one_cm":213590,"minecraft:player_kills":1,"minecraft:open_chest":2,"minecraft:play_time":29083,"minecraft:deaths":1,"minecraft:sneak_time":30,"minecraft:walk_under_water_one_cm":1243,"minecraft:jump":906,"minecraft:time_since_death":26315,"minecraft:walk_on_water_one_cm":3552,"minecraft:sleep_in_bed":3,"minecraft:total_world_time":29083,"minecraft:fall_one_cm":24590},"minecraft:crafted":{"minecraft:oak_planks":20,"minecraft:stone_shovel":1,"minecraft:charcoal":5,"minecraft:cooked_porkchop":11,"minecraft:crafting_table":1,"minecraft:stick":12,"minecraft:wooden_pickaxe":1,"minecraft:stone_pickaxe":1,"minecraft:stone_sword":1,"minecraft:furnace":1,"minecraft:white_bed":1,"minecraft:stone_axe":1,"minecraft:air":0},"minecraft:dropped":{"minecraft:poppy":1},"minecraft:picked_up":{"minecraft:charcoal":3,"minecraft:pink_petals":4,"minecraft:stick":2,"minecraft:crafting_table":3,"minecraft:leather":9,"minecraft:gravel":2,"minecraft:sand":4,"minecraft:porkchop":36,"minecraft:flint":2,"minecraft:oak_log":10,"minecraft:white_bed":2,"minecraft:dirt":32,"minecraft:rotten_flesh":3,"minecraft:wheat_seeds":3,"minecraft:beef":17,"minecraft:mutton":29,"minecraft:birch_sapling":1,"minecraft:coal":1,"minecraft:white_wool":18,"minecraft:cobblestone":51,"minecraft:furnace":1},"minecraft:killed":{"minecraft:sheep":18,"minecraft:zombie":2,"minecraft:pig":17,"minecraft:cow":7}},"DataVersion":3953}