{"stats":{"minecraft:crafted":{"minecraft:oak_planks":20,"minecraft:stone_shovel":1,"minecraft:cooked_porkchop":11,"minecraft:charcoal":5,"minecraft:crafting_table":1,"minecraft:stick":12,"minecraft:wooden_pickaxe":1,"minecraft:stone_pickaxe":1,"minecraft:stone_sword":1,"minecraft:furnace":1,"minecraft:white_bed":1,"minecraft:stone_axe":1,"minecraft:air":0},"minecraft:custom":{"minecraft:time_since_rest":6508,"minecraft:interact_with_furnace":19,"minecraft:sprint_one_cm":130767,"minecraft:damage_taken":693,"minecraft:walk_one_cm":58228,"minecraft:mob_kills":36,"minecraft:damage_dealt":4337,"minecraft:player_kills":1,"minecraft:fly_one_cm":137156,"minecraft:swim_one_cm":10584,"minecraft:interact_with_crafting_table":5,"minecraft:play_time":23504,"minecraft:deaths":1,"minecraft:sneak_time":18,"minecraft:walk_under_water_one_cm":1153,"minecraft:jump":640,"minecraft:walk_on_water_one_cm":3269,"minecraft:time_since_death":20736,"minecraft:sleep_in_bed":3,"minecraft:total_world_time":23504,"minecraft:fall_one_cm":15796},"minecraft:killed_by":{"minecraft:player":1},"minecraft:used":{"minecraft:stone_sword":12,"minecraft:stone_pickaxe":15,"minecraft:stone_shovel":10,"minecraft:wooden_pickaxe":44,"minecraft:gravel":2,"minecraft:stone_axe":49,"minecraft:dirt":7,"minecraft:mutton":14,"minecraft:beef":5,"minecraft:crafting_table":3,"minecraft:furnace":1,"minecraft:cooked_porkchop":3,"minecraft:white_bed":2},"minecraft:mined":{"minecraft:pink_petals":1,"minecraft:white_bed":2,"minecraft:furnace":1,"minecraft:crafting_table":3,"minecraft:short_grass":20,"minecraft:coal_ore":1,"minecraft:grass_block":16,"minecraft:oak_log":10,"minecraft:gravel":4,"minecraft:sand":4,"minecraft:dirt":16,"minecraft:stone":51},"minecraft:picked_up":{"minecraft:pink_petals":4,"minecraft:charcoal":3,"minecraft:stick":2,"minecraft:crafting_table":3,"minecraft:leather":9,"minecraft:gravel":2,"minecraft:porkchop":27,"minecraft:sand":4,"minecraft:flint":2,"minecraft:oak_log":10,"minecraft:white_bed":2,"minecraft:dirt":32,"minecraft:rotten_flesh":3,"minecraft:wheat_seeds":3,"minecraft:beef":17,"minecraft:coal":1,"minecraft:birch_sapling":1,"minecraft:mutton":22,"minecraft:white_wool":14,"minecraft:cobblestone":51,"minecraft:furnace":1},"minecraft:killed":{"minecraft:sheep":14,"minecraft:zombie":2,"minecraft:pig":13,"minecraft:cow":7}},"DataVersion":3953}