{"stats":{"minecraft:custom":{"minecraft:jump":52,"minecraft:time_since_rest":11485,"minecraft:damage_dealt":100,"minecraft:crouch_one_cm":128,"minecraft:leave_game":1,"minecraft:play_time":11485,"minecraft:sprint_one_cm":1544,"minecraft:damage_taken":20,"minecraft:time_since_death":11485,"minecraft:walk_one_cm":4900,"minecraft:sneak_time":65,"minecraft:total_world_time":11485,"minecraft:mob_kills":1,"minecraft:fall_one_cm":1240,"minecraft:fly_one_cm":5040},"minecraft:used":{"minecraft:netherite_shovel":13},"minecraft:mined":{"minecraft:short_grass":2,"minecraft:grass_block":4,"minecraft:dirt":9},"minecraft:picked_up":{"minecraft:porkchop":1,"minecraft:dirt":9},"minecraft:killed":{"minecraft:pig":1}},"DataVersion":3953}