{"stats":{"minecraft:mined":{"minecraft:spruce_planks":1,"minecraft:white_bed":3,"minecraft:dark_oak_leaves":32,"minecraft:smoker":4,"minecraft:crafting_table":7,"minecraft:granite":1,"minecraft:short_grass":11,"minecraft:emerald_ore":1,"minecraft:grass_block":80,"minecraft:spruce_leaves":9,"minecraft:oak_planks":1,"minecraft:sugar_cane":21,"minecraft:diorite":1,"minecraft:wall_torch":1,"minecraft:furnace":2,"minecraft:sweet_berry_bush":1,"minecraft:birch_log":14,"minecraft:iron_ore":20,"minecraft:pumpkin":2,"minecraft:oak_log":54,"minecraft:coal_ore":148,"minecraft:vine":1,"minecraft:sand":14,"minecraft:dirt":87,"minecraft:stone":179,"minecraft:oak_leaves":23},"minecraft:killed_by":{"minecraft:player":1,"minecraft:skeleton":1,"minecraft:creeper":1,"minecraft:zombie":1},"minecraft:custom":{"minecraft:interact_with_furnace":13,"minecraft:mob_kills":66,"minecraft:interact_with_crafting_table":29,"minecraft:leave_game":3,"minecraft:time_since_death":45365,"minecraft:sleep_in_bed":2,"minecraft:climb_one_cm":1037,"minecraft:time_since_rest":45554,"minecraft:sprint_one_cm":241203,"minecraft:damage_taken":2566,"minecraft:walk_one_cm":116700,"minecraft:drop":14,"minecraft:damage_dealt":6926,"minecraft:talked_to_villager":1,"minecraft:swim_one_cm":143705,"minecraft:fly_one_cm":371349,"minecraft:player_kills":1,"minecraft:open_chest":14,"minecraft:crouch_one_cm":23867,"minecraft:play_time":105650,"minecraft:deaths":7,"minecraft:sneak_time":9015,"minecraft:walk_under_water_one_cm":23224,"minecraft:boat_one_cm":236561,"minecraft:jump":2076,"minecraft:walk_on_water_one_cm":20443,"minecraft:interact_with_smoker":23,"minecraft:total_world_time":105650,"minecraft:fall_one_cm":62861},"minecraft:used":{"minecraft:cooked_mutton":5,"minecraft:stone_pickaxe":117,"minecraft:stone_shovel":43,"minecraft:netherite_chestplate":1,"minecraft:chest":1,"minecraft:spruce_planks":1,"minecraft:wooden_pickaxe":11,"minecraft:torch":15,"minecraft:dirt":63,"minecraft:netherite_leggings":1,"minecraft:crafting_table":9,"minecraft:carrot":3,"minecraft:white_bed":3,"minecraft:granite":1,"minecraft:smoker":4,"minecraft:oak_log":3,"minecraft:wooden_axe":7,"minecraft:netherite_shovel":152,"minecraft:suspicious_stew":1,"minecraft:iron_pickaxe":232,"minecraft:netherite_axe":1,"minecraft:stone_axe":162,"minecraft:light_gray_wool":2,"minecraft:cobblestone":5,"minecraft:sweet_berries":2,"minecraft:cooked_porkchop":6,"minecraft:furnace":2,"minecraft:porkchop":1,"minecraft:oak_boat":6,"minecraft:cooked_beef":5,"minecraft:gray_wool":1},"minecraft:dropped":{"minecraft:stone_axe":1,"minecraft:porkchop":3,"minecraft:birch_planks":16,"minecraft:bowl":1,"minecraft:raw_iron":3,"minecraft:rotten_flesh":2,"minecraft:carrot":2,"minecraft:emerald":1,"minecraft:filled_map":1,"minecraft:wooden_axe":1,"minecraft:wooden_pickaxe":1,"minecraft:stone_pickaxe":1,"minecraft:iron_pickaxe":1,"minecraft:paper":1},"minecraft:crafted":{"minecraft:cooked_beef":40,"minecraft:oak_planks":56,"minecraft:stone_shovel":2,"minecraft:cooked_porkchop":24,"minecraft:crafting_table":4,"minecraft:wooden_pickaxe":2,"minecraft:furnace":3,"minecraft:birch_planks":28,"minecraft:pumpkin_seeds":4,"minecraft:stone_axe":3,"minecraft:cooked_mutton":21,"minecraft:air":0,"minecraft:oak_boat":1,"minecraft:stick":40,"minecraft:iron_pickaxe":1,"minecraft:iron_ingot":3,"minecraft:stone_pickaxe":3,"minecraft:wooden_axe":1,"minecraft:chest":1,"minecraft:white_bed":2,"minecraft:torch":64,"minecraft:smoker":3},"minecraft:picked_up":{"minecraft:birch_log":16,"minecraft:charcoal":5,"minecraft:crafting_table":8,"minecraft:leather":23,"minecraft:smoker":4,"minecraft:birch_planks":16,"minecraft:oak_log":54,"minecraft:lily_pad":5,"minecraft:gunpowder":3,"minecraft:dirt":206,"minecraft:string":1,"minecraft:apple":2,"minecraft:kelp":5,"minecraft:wheat_seeds":3,"minecraft:spruce_planks":1,"minecraft:beef":40,"minecraft:oak_boat":5,"minecraft:iron_pickaxe":2,"minecraft:light_gray_wool":2,"minecraft:sugar_cane":49,"minecraft:oak_planks":1,"minecraft:furnace":3,"minecraft:dark_oak_sapling":1,"minecraft:stick":4,"minecraft:raw_iron":25,"minecraft:sweet_berries":2,"minecraft:pumpkin":2,"minecraft:torch":1,"minecraft:sand":13,"minecraft:porkchop":39,"minecraft:spruce_sapling":1,"minecraft:diorite":1,"minecraft:white_bed":4,"minecraft:carrot":2,"minecraft:spider_eye":1,"minecraft:rotten_flesh":9,"minecraft:stone_shovel":1,"minecraft:granite":1,"minecraft:gray_wool":2,"minecraft:emerald":2,"minecraft:oak_sapling":6,"minecraft:mutton":40,"minecraft:coal":150,"minecraft:white_wool":19,"minecraft:cobblestone":193},"minecraft:killed":{"minecraft:pig":16,"minecraft:spider":2,"minecraft:creeper":1,"minecraft:sheep":23,"minecraft:zombie":1,"minecraft:drowned":2,"minecraft:cow":20}},"DataVersion":3953}