{"stats":{"minecraft:broken":{"minecraft:stone_axe":1},"minecraft:mined":{"minecraft:tuff":2,"minecraft:spruce_planks":1,"minecraft:white_bed":3,"minecraft:dark_oak_leaves":32,"minecraft:smoker":4,"minecraft:crafting_table":7,"minecraft:granite":6,"minecraft:short_grass":11,"minecraft:emerald_ore":1,"minecraft:grass_block":80,"minecraft:spruce_leaves":9,"minecraft:oak_planks":1,"minecraft:sugar_cane":24,"minecraft:diorite":9,"minecraft:wall_torch":2,"minecraft:furnace":2,"minecraft:birch_log":14,"minecraft:iron_ore":25,"minecraft:sweet_berry_bush":1,"minecraft:birch_leaves":1,"minecraft:pumpkin":2,"minecraft:coal_ore":159,"minecraft:oak_log":54,"minecraft:vine":1,"minecraft:sand":14,"minecraft:dirt":95,"minecraft:stone":231,"minecraft:deepslate":5,"minecraft:oak_leaves":24},"minecraft:killed_by":{"minecraft:player":1,"minecraft:skeleton":1,"minecraft:creeper":1,"minecraft:zombie":1},"minecraft:custom":{"minecraft:interact_with_furnace":13,"minecraft:mob_kills":77,"minecraft:interact_with_crafting_table":30,"minecraft:leave_game":4,"minecraft:time_since_death":57033,"minecraft:climb_one_cm":1037,"minecraft:sleep_in_bed":2,"minecraft:time_since_rest":57222,"minecraft:sprint_one_cm":302888,"minecraft:damage_taken":2756,"minecraft:walk_one_cm":124350,"minecraft:drop":14,"minecraft:damage_dealt":7966,"minecraft:player_kills":1,"minecraft:swim_one_cm":159107,"minecraft:talked_to_villager":1,"minecraft:fly_one_cm":479688,"minecraft:open_chest":14,"minecraft:crouch_one_cm":25401,"minecraft:play_time":117318,"minecraft:sneak_time":9690,"minecraft:deaths":7,"minecraft:walk_under_water_one_cm":23887,"minecraft:boat_one_cm":236561,"minecraft:jump":2541,"minecraft:walk_on_water_one_cm":24227,"minecraft:total_world_time":117318,"minecraft:interact_with_smoker":23,"minecraft:fall_one_cm":82034},"minecraft:used":{"minecraft:cooked_mutton":5,"minecraft:diorite":1,"minecraft:stone_pickaxe":206,"minecraft:stone_shovel":51,"minecraft:netherite_chestplate":1,"minecraft:chest":1,"minecraft:spruce_planks":1,"minecraft:wooden_pickaxe":11,"minecraft:torch":22,"minecraft:dirt":63,"minecraft:netherite_leggings":1,"minecraft:crafting_table":10,"minecraft:white_bed":3,"minecraft:carrot":3,"minecraft:granite":1,"minecraft:smoker":4,"minecraft:oak_log":3,"minecraft:wooden_axe":7,"minecraft:netherite_shovel":152,"minecraft:iron_pickaxe":232,"minecraft:suspicious_stew":1,"minecraft:netherite_axe":1,"minecraft:light_gray_wool":2,"minecraft:stone_axe":176,"minecraft:cobblestone":22,"minecraft:sweet_berries":2,"minecraft:porkchop":1,"minecraft:furnace":2,"minecraft:cooked_porkchop":9,"minecraft:oak_boat":6,"minecraft:cooked_beef":6,"minecraft:gray_wool":1},"minecraft:dropped":{"minecraft:stone_axe":1,"minecraft:birch_planks":16,"minecraft:porkchop":3,"minecraft:bowl":1,"minecraft:raw_iron":3,"minecraft:rotten_flesh":2,"minecraft:carrot":2,"minecraft:emerald":1,"minecraft:filled_map":1,"minecraft:wooden_axe":1,"minecraft:wooden_pickaxe":1,"minecraft:stone_pickaxe":1,"minecraft:iron_pickaxe":1,"minecraft:paper":1},"minecraft:crafted":{"minecraft:cooked_beef":40,"minecraft:oak_planks":56,"minecraft:stone_shovel":2,"minecraft:cooked_porkchop":24,"minecraft:crafting_table":4,"minecraft:wooden_pickaxe":2,"minecraft:furnace":3,"minecraft:birch_planks":28,"minecraft:pumpkin_seeds":4,"minecraft:stone_axe":4,"minecraft:cooked_mutton":21,"minecraft:air":0,"minecraft:oak_boat":1,"minecraft:stick":44,"minecraft:iron_ingot":3,"minecraft:iron_pickaxe":1,"minecraft:stone_pickaxe":3,"minecraft:wooden_axe":1,"minecraft:chest":1,"minecraft:white_bed":2,"minecraft:torch":64,"minecraft:smoker":3},"minecraft:picked_up":{"minecraft:birch_log":16,"minecraft:charcoal":5,"minecraft:crafting_table":8,"minecraft:leather":34,"minecraft:smoker":4,"minecraft:birch_planks":16,"minecraft:oak_log":54,"minecraft:lily_pad":5,"minecraft:gunpowder":3,"minecraft:dirt":206,"minecraft:string":1,"minecraft:apple":2,"minecraft:kelp":5,"minecraft:wheat_seeds":3,"minecraft:spruce_planks":1,"minecraft:beef":61,"minecraft:oak_boat":5,"minecraft:iron_pickaxe":2,"minecraft:light_gray_wool":2,"minecraft:sugar_cane":54,"minecraft:oak_planks":1,"minecraft:furnace":3,"minecraft:dark_oak_sapling":1,"minecraft:stick":4,"minecraft:raw_iron":30,"minecraft:pumpkin":2,"minecraft:sweet_berries":2,"minecraft:torch":3,"minecraft:porkchop":39,"minecraft:sand":13,"minecraft:spruce_sapling":1,"minecraft:diorite":9,"minecraft:white_bed":4,"minecraft:carrot":2,"minecraft:spider_eye":1,"minecraft:stone_shovel":1,"minecraft:rotten_flesh":9,"minecraft:granite":1,"minecraft:gray_wool":2,"minecraft:emerald":2,"minecraft:oak_sapling":6,"minecraft:mutton":49,"minecraft:coal":161,"minecraft:white_wool":24,"minecraft:cobblestone":244},"minecraft:killed":{"minecraft:pig":16,"minecraft:spider":2,"minecraft:creeper":1,"minecraft:sheep":26,"minecraft:zombie":1,"minecraft:drowned":2,"minecraft:cow":28}},"DataVersion":3953}