{"stats":{"minecraft:mined":{"minecraft:white_bed":3,"minecraft:smoker":2,"minecraft:crafting_table":5,"minecraft:short_grass":8,"minecraft:emerald_ore":1,"minecraft:grass_block":79,"minecraft:diorite":1,"minecraft:furnace":2,"minecraft:birch_log":7,"minecraft:iron_ore":9,"minecraft:oak_log":45,"minecraft:coal_ore":108,"minecraft:dirt":86,"minecraft:stone":157,"minecraft:oak_leaves":8},"minecraft:killed_by":{"minecraft:player":1,"minecraft:skeleton":1,"minecraft:creeper":1,"minecraft:zombie":1},"minecraft:custom":{"minecraft:interact_with_furnace":13,"minecraft:mob_kills":40,"minecraft:interact_with_crafting_table":19,"minecraft:leave_game":3,"minecraft:time_since_death":5432,"minecraft:sleep_in_bed":2,"minecraft:time_since_rest":5621,"minecraft:sprint_one_cm":109055,"minecraft:damage_taken":1975,"minecraft:walk_one_cm":70650,"minecraft:drop":5,"minecraft:damage_dealt":3927,"minecraft:swim_one_cm":1451,"minecraft:fly_one_cm":182331,"minecraft:player_kills":1,"minecraft:crouch_one_cm":16829,"minecraft:play_time":65717,"minecraft:deaths":7,"minecraft:sneak_time":5967,"minecraft:walk_under_water_one_cm":1452,"minecraft:boat_one_cm":56174,"minecraft:jump":1101,"minecraft:walk_on_water_one_cm":3776,"minecraft:interact_with_smoker":13,"minecraft:total_world_time":65717,"minecraft:fall_one_cm":38612},"minecraft:used":{"minecraft:cooked_mutton":5,"minecraft:stone_pickaxe":40,"minecraft:stone_shovel":30,"minecraft:netherite_chestplate":1,"minecraft:wooden_pickaxe":11,"minecraft:torch":4,"minecraft:dirt":63,"minecraft:netherite_leggings":1,"minecraft:crafting_table":6,"minecraft:white_bed":3,"minecraft:smoker":2,"minecraft:oak_log":3,"minecraft:wooden_axe":7,"minecraft:netherite_shovel":152,"minecraft:iron_pickaxe":232,"minecraft:netherite_axe":1,"minecraft:stone_axe":81,"minecraft:light_gray_wool":2,"minecraft:furnace":2,"minecraft:porkchop":1,"minecraft:oak_boat":1,"minecraft:cooked_beef":2},"minecraft:dropped":{"minecraft:stone_axe":1,"minecraft:wooden_axe":1,"minecraft:wooden_pickaxe":1,"minecraft:stone_pickaxe":1,"minecraft:iron_pickaxe":1},"minecraft:crafted":{"minecraft:cooked_beef":18,"minecraft:oak_planks":56,"minecraft:stone_shovel":1,"minecraft:cooked_porkchop":9,"minecraft:crafting_table":3,"minecraft:wooden_pickaxe":2,"minecraft:furnace":3,"minecraft:stone_axe":3,"minecraft:cooked_mutton":21,"minecraft:air":0,"minecraft:oak_boat":1,"minecraft:stick":36,"minecraft:iron_ingot":3,"minecraft:iron_pickaxe":1,"minecraft:stone_pickaxe":3,"minecraft:wooden_axe":1,"minecraft:white_bed":2,"minecraft:torch":24,"minecraft:smoker":2},"minecraft:picked_up":{"minecraft:birch_log":9,"minecraft:charcoal":5,"minecraft:crafting_table":6,"minecraft:leather":10,"minecraft:smoker":2,"minecraft:oak_log":45,"minecraft:lily_pad":5,"minecraft:gunpowder":2,"minecraft:string":1,"minecraft:dirt":205,"minecraft:wheat_seeds":3,"minecraft:beef":18,"minecraft:oak_boat":1,"minecraft:iron_pickaxe":2,"minecraft:light_gray_wool":2,"minecraft:furnace":3,"minecraft:raw_iron":11,"minecraft:porkchop":18,"minecraft:diorite":1,"minecraft:white_bed":4,"minecraft:spider_eye":1,"minecraft:rotten_flesh":7,"minecraft:stone_shovel":1,"minecraft:gray_wool":1,"minecraft:emerald":1,"minecraft:oak_sapling":1,"minecraft:mutton":37,"minecraft:coal":108,"minecraft:white_wool":18,"minecraft:cobblestone":167},"minecraft:killed":{"minecraft:pig":7,"minecraft:spider":1,"minecraft:sheep":21,"minecraft:zombie":1,"minecraft:cow":9}},"DataVersion":3953}