{"stats":{"minecraft:crafted":{"minecraft:oak_planks":28,"minecraft:stone_shovel":1,"minecraft:crafting_table":1,"minecraft:stick":16,"minecraft:iron_pickaxe":1,"minecraft:iron_ingot":3,"minecraft:wooden_pickaxe":1,"minecraft:stone_pickaxe":1,"minecraft:wooden_axe":1,"minecraft:furnace":1,"minecraft:stone_axe":1,"minecraft:air":0},"minecraft:custom":{"minecraft:time_since_rest":7987,"minecraft:interact_with_furnace":9,"minecraft:sprint_one_cm":17019,"minecraft:damage_taken":844,"minecraft:walk_one_cm":27112,"minecraft:mob_kills":8,"minecraft:drop":2,"minecraft:damage_dealt":931,"minecraft:interact_with_crafting_table":9,"minecraft:fly_one_cm":25228,"minecraft:player_kills":1,"minecraft:crouch_one_cm":1058,"minecraft:play_time":34081,"minecraft:deaths":4,"minecraft:sneak_time":764,"minecraft:walk_under_water_one_cm":412,"minecraft:jump":275,"minecraft:leave_game":2,"minecraft:time_since_death":7960,"minecraft:walk_on_water_one_cm":1225,"minecraft:total_world_time":34081,"minecraft:fall_one_cm":9021},"minecraft:dropped":{"minecraft:stone_axe":1,"minecraft:stone_pickaxe":1},"minecraft:killed_by":{"minecraft:player":1},"minecraft:mined":{"minecraft:furnace":1,"minecraft:birch_log":7,"minecraft:iron_ore":3,"minecraft:crafting_table":2,"minecraft:short_grass":6,"minecraft:grass_block":77,"minecraft:oak_log":7,"minecraft:dirt":86,"minecraft:stone":37,"minecraft:oak_leaves":1},"minecraft:used":{"minecraft:wooden_axe":7,"minecraft:netherite_shovel":152,"minecraft:stone_shovel":21,"minecraft:iron_pickaxe":22,"minecraft:stone_pickaxe":15,"minecraft:netherite_chestplate":1,"minecraft:netherite_axe":1,"minecraft:wooden_pickaxe":7,"minecraft:stone_axe":7,"minecraft:dirt":59,"minecraft:netherite_leggings":1,"minecraft:crafting_table":3,"minecraft:furnace":1,"minecraft:porkchop":1},"minecraft:picked_up":{"minecraft:birch_log":9,"minecraft:charcoal":2,"minecraft:raw_iron":3,"minecraft:crafting_table":2,"minecraft:porkchop":3,"minecraft:oak_log":7,"minecraft:dirt":199,"minecraft:wheat_seeds":2,"minecraft:mutton":10,"minecraft:white_wool":6,"minecraft:cobblestone":36,"minecraft:furnace":1},"minecraft:killed":{"minecraft:sheep":6,"minecraft:pig":2}},"DataVersion":3953}