{"stats":{"minecraft:custom":{"minecraft:jump":52,"minecraft:time_since_rest":10609,"minecraft:damage_dealt":100,"minecraft:crouch_one_cm":128,"minecraft:leave_game":1,"minecraft:sprint_one_cm":1544,"minecraft:play_time":10609,"minecraft:damage_taken":20,"minecraft:time_since_death":10609,"minecraft:walk_one_cm":4422,"minecraft:sneak_time":65,"minecraft:total_world_time":10609,"minecraft:mob_kills":1,"minecraft:fall_one_cm":1240,"minecraft:fly_one_cm":5040},"minecraft:mined":{"minecraft:short_grass":2},"minecraft:picked_up":{"minecraft:porkchop":1},"minecraft:killed":{"minecraft:pig":1}},"DataVersion":3953}