{"stats":{"minecraft:mined":{"minecraft:spruce_planks":1,"minecraft:white_bed":3,"minecraft:smoker":3,"minecraft:crafting_table":6,"minecraft:short_grass":10,"minecraft:emerald_ore":1,"minecraft:grass_block":79,"minecraft:oak_planks":1,"minecraft:sugar_cane":19,"minecraft:diorite":1,"minecraft:furnace":2,"minecraft:birch_log":14,"minecraft:iron_ore":9,"minecraft:pumpkin":2,"minecraft:oak_log":54,"minecraft:coal_ore":117,"minecraft:vine":1,"minecraft:sand":14,"minecraft:dirt":86,"minecraft:stone":164,"minecraft:oak_leaves":15},"minecraft:killed_by":{"minecraft:player":1,"minecraft:skeleton":1,"minecraft:creeper":1,"minecraft:zombie":1},"minecraft:custom":{"minecraft:interact_with_furnace":13,"minecraft:mob_kills":64,"minecraft:interact_with_crafting_table":25,"minecraft:leave_game":3,"minecraft:time_since_death":21365,"minecraft:sleep_in_bed":2,"minecraft:climb_one_cm":1037,"minecraft:time_since_rest":21554,"minecraft:sprint_one_cm":151594,"minecraft:damage_taken":2220,"minecraft:walk_one_cm":93351,"minecraft:drop":7,"minecraft:damage_dealt":6488,"minecraft:swim_one_cm":75040,"minecraft:fly_one_cm":236714,"minecraft:player_kills":1,"minecraft:open_chest":4,"minecraft:crouch_one_cm":18695,"minecraft:play_time":81650,"minecraft:deaths":7,"minecraft:sneak_time":6865,"minecraft:walk_under_water_one_cm":13782,"minecraft:boat_one_cm":139634,"minecraft:jump":1398,"minecraft:walk_on_water_one_cm":10966,"minecraft:interact_with_smoker":16,"minecraft:total_world_time":81650,"minecraft:fall_one_cm":45137},"minecraft:used":{"minecraft:cooked_mutton":5,"minecraft:stone_pickaxe":57,"minecraft:stone_shovel":43,"minecraft:netherite_chestplate":1,"minecraft:spruce_planks":1,"minecraft:wooden_pickaxe":11,"minecraft:torch":4,"minecraft:dirt":63,"minecraft:netherite_leggings":1,"minecraft:crafting_table":8,"minecraft:carrot":1,"minecraft:white_bed":3,"minecraft:smoker":3,"minecraft:oak_log":3,"minecraft:wooden_axe":7,"minecraft:netherite_shovel":152,"minecraft:suspicious_stew":1,"minecraft:iron_pickaxe":232,"minecraft:netherite_axe":1,"minecraft:stone_axe":156,"minecraft:light_gray_wool":2,"minecraft:furnace":2,"minecraft:porkchop":1,"minecraft:oak_boat":5,"minecraft:cooked_beef":4,"minecraft:gray_wool":1},"minecraft:dropped":{"minecraft:stone_axe":1,"minecraft:rotten_flesh":2,"minecraft:wooden_axe":1,"minecraft:wooden_pickaxe":1,"minecraft:stone_pickaxe":1,"minecraft:iron_pickaxe":1,"minecraft:paper":1},"minecraft:crafted":{"minecraft:cooked_beef":27,"minecraft:oak_planks":56,"minecraft:stone_shovel":2,"minecraft:cooked_porkchop":9,"minecraft:crafting_table":3,"minecraft:wooden_pickaxe":2,"minecraft:furnace":3,"minecraft:birch_planks":28,"minecraft:pumpkin_seeds":4,"minecraft:stone_axe":3,"minecraft:cooked_mutton":21,"minecraft:air":0,"minecraft:oak_boat":1,"minecraft:stick":40,"minecraft:iron_pickaxe":1,"minecraft:iron_ingot":3,"minecraft:stone_pickaxe":3,"minecraft:wooden_axe":1,"minecraft:white_bed":2,"minecraft:torch":24,"minecraft:smoker":3},"minecraft:picked_up":{"minecraft:birch_log":16,"minecraft:charcoal":5,"minecraft:crafting_table":7,"minecraft:leather":23,"minecraft:smoker":3,"minecraft:oak_log":54,"minecraft:lily_pad":5,"minecraft:gunpowder":2,"minecraft:dirt":205,"minecraft:string":1,"minecraft:apple":2,"minecraft:kelp":5,"minecraft:wheat_seeds":3,"minecraft:spruce_planks":1,"minecraft:beef":40,"minecraft:oak_boat":5,"minecraft:iron_pickaxe":2,"minecraft:light_gray_wool":2,"minecraft:sugar_cane":47,"minecraft:oak_planks":1,"minecraft:furnace":3,"minecraft:stick":4,"minecraft:raw_iron":11,"minecraft:pumpkin":2,"minecraft:sand":13,"minecraft:porkchop":36,"minecraft:diorite":1,"minecraft:white_bed":4,"minecraft:spider_eye":1,"minecraft:rotten_flesh":9,"minecraft:stone_shovel":1,"minecraft:gray_wool":2,"minecraft:emerald":1,"minecraft:oak_sapling":6,"minecraft:mutton":40,"minecraft:coal":119,"minecraft:white_wool":19,"minecraft:cobblestone":174},"minecraft:killed":{"minecraft:pig":16,"minecraft:spider":1,"minecraft:sheep":23,"minecraft:zombie":1,"minecraft:drowned":2,"minecraft:cow":20}},"DataVersion":3953}