{"stats":{"minecraft:mined":{"minecraft:white_bed":3,"minecraft:crafting_table":3,"minecraft:short_grass":7,"minecraft:grass_block":78,"minecraft:furnace":2,"minecraft:birch_log":7,"minecraft:iron_ore":3,"minecraft:oak_log":40,"minecraft:coal_ore":39,"minecraft:dirt":86,"minecraft:stone":91,"minecraft:oak_leaves":8},"minecraft:killed_by":{"minecraft:player":1,"minecraft:skeleton":1,"minecraft:zombie":1},"minecraft:custom":{"minecraft:interact_with_furnace":13,"minecraft:mob_kills":34,"minecraft:interact_with_crafting_table":11,"minecraft:leave_game":2,"minecraft:time_since_death":13275,"minecraft:sleep_in_bed":2,"minecraft:time_since_rest":11640,"minecraft:sprint_one_cm":90958,"minecraft:damage_taken":1644,"minecraft:walk_one_cm":56974,"minecraft:drop":4,"minecraft:damage_dealt":3447,"minecraft:swim_one_cm":1451,"minecraft:fly_one_cm":144722,"minecraft:player_kills":1,"minecraft:crouch_one_cm":8744,"minecraft:play_time":51739,"minecraft:deaths":6,"minecraft:sneak_time":3107,"minecraft:walk_under_water_one_cm":728,"minecraft:jump":877,"minecraft:walk_on_water_one_cm":2396,"minecraft:total_world_time":51739,"minecraft:fall_one_cm":28179},"minecraft:used":{"minecraft:cooked_mutton":5,"minecraft:stone_pickaxe":15,"minecraft:stone_shovel":30,"minecraft:netherite_chestplate":1,"minecraft:wooden_pickaxe":7,"minecraft:dirt":63,"minecraft:netherite_leggings":1,"minecraft:crafting_table":4,"minecraft:white_bed":3,"minecraft:oak_log":3,"minecraft:wooden_axe":7,"minecraft:netherite_shovel":152,"minecraft:iron_pickaxe":116,"minecraft:netherite_axe":1,"minecraft:stone_axe":71,"minecraft:furnace":2,"minecraft:porkchop":1},"minecraft:crafted":{"minecraft:oak_planks":36,"minecraft:stone_shovel":1,"minecraft:crafting_table":2,"minecraft:wooden_pickaxe":1,"minecraft:furnace":1,"minecraft:stone_axe":2,"minecraft:cooked_mutton":5,"minecraft:air":0,"minecraft:stick":20,"minecraft:iron_ingot":3,"minecraft:iron_pickaxe":1,"minecraft:stone_pickaxe":1,"minecraft:wooden_axe":1,"minecraft:white_bed":2},"minecraft:dropped":{"minecraft:stone_axe":1,"minecraft:wooden_axe":1,"minecraft:wooden_pickaxe":1,"minecraft:stone_pickaxe":1},"minecraft:picked_up":{"minecraft:birch_log":9,"minecraft:charcoal":5,"minecraft:crafting_table":4,"minecraft:leather":10,"minecraft:oak_log":40,"minecraft:gunpowder":2,"minecraft:string":1,"minecraft:dirt":204,"minecraft:wheat_seeds":3,"minecraft:beef":18,"minecraft:iron_pickaxe":1,"minecraft:light_gray_wool":2,"minecraft:furnace":3,"minecraft:raw_iron":5,"minecraft:porkchop":15,"minecraft:white_bed":4,"minecraft:spider_eye":1,"minecraft:rotten_flesh":7,"minecraft:stone_shovel":1,"minecraft:gray_wool":1,"minecraft:mutton":27,"minecraft:coal":39,"minecraft:white_wool":12,"minecraft:cobblestone":101},"minecraft:killed":{"minecraft:pig":7,"minecraft:spider":1,"minecraft:sheep":15,"minecraft:zombie":1,"minecraft:cow":9}},"DataVersion":3953}