{"stats":{"minecraft:custom":{"minecraft:time_since_rest":820,"minecraft:crouch_one_cm":311,"minecraft:sprint_one_cm":1977,"minecraft:play_time":22081,"minecraft:deaths":1,"minecraft:damage_taken":160,"minecraft:walk_one_cm":10215,"minecraft:sneak_time":260,"minecraft:mob_kills":1,"minecraft:jump":98,"minecraft:damage_dealt":100,"minecraft:leave_game":2,"minecraft:time_since_death":793,"minecraft:total_world_time":22081,"minecraft:fall_one_cm":4833,"minecraft:fly_one_cm":5376},"minecraft:used":{"minecraft:netherite_shovel":152,"minecraft:dirt":59,"minecraft:porkchop":1},"minecraft:mined":{"minecraft:short_grass":2,"minecraft:grass_block":75,"minecraft:dirt":77},"minecraft:picked_up":{"minecraft:porkchop":1,"minecraft:dirt":124},"minecraft:killed":{"minecraft:pig":1}},"DataVersion":3953}