{"stats":{"minecraft:mined":{"minecraft:short_grass":9},"minecraft:custom":{"minecraft:jump":97,"minecraft:time_since_rest":3754,"minecraft:crouch_one_cm":199,"minecraft:leave_game":1,"minecraft:play_time":3754,"minecraft:sprint_one_cm":4972,"minecraft:time_since_death":3754,"minecraft:walk_one_cm":4099,"minecraft:sneak_time":49,"minecraft:total_world_time":3754,"minecraft:fall_one_cm":4203,"minecraft:drop":1,"minecraft:fly_one_cm":20744},"minecraft:dropped":{"minecraft:wheat_seeds":1},"minecraft:picked_up":{"minecraft:wheat_seeds":1}},"DataVersion":3953}