{"stats":{"minecraft:crafted":{"minecraft:oak_planks":36,"minecraft:stone_shovel":1,"minecraft:crafting_table":2,"minecraft:wooden_pickaxe":1,"minecraft:furnace":1,"minecraft:stone_axe":2,"minecraft:cooked_mutton":5,"minecraft:air":0,"minecraft:stick":20,"minecraft:iron_ingot":3,"minecraft:iron_pickaxe":1,"minecraft:stone_pickaxe":1,"minecraft:wooden_axe":1,"minecraft:white_bed":2},"minecraft:custom":{"minecraft:interact_with_furnace":13,"minecraft:mob_kills":15,"minecraft:interact_with_crafting_table":11,"minecraft:leave_game":2,"minecraft:time_since_death":7617,"minecraft:sleep_in_bed":2,"minecraft:time_since_rest":5982,"minecraft:sprint_one_cm":67924,"minecraft:damage_taken":1514,"minecraft:walk_one_cm":48853,"minecraft:drop":4,"minecraft:damage_dealt":1687,"minecraft:player_kills":1,"minecraft:fly_one_cm":92348,"minecraft:crouch_one_cm":6640,"minecraft:play_time":46081,"minecraft:deaths":6,"minecraft:sneak_time":2336,"minecraft:walk_under_water_one_cm":412,"minecraft:jump":628,"minecraft:walk_on_water_one_cm":1225,"minecraft:total_world_time":46081,"minecraft:fall_one_cm":19197},"minecraft:dropped":{"minecraft:stone_axe":1,"minecraft:wooden_axe":1,"minecraft:stone_pickaxe":1,"minecraft:wooden_pickaxe":1},"minecraft:killed_by":{"minecraft:player":1,"minecraft:skeleton":1,"minecraft:zombie":1},"minecraft:mined":{"minecraft:white_bed":3,"minecraft:crafting_table":3,"minecraft:short_grass":7,"minecraft:grass_block":78,"minecraft:furnace":2,"minecraft:birch_log":7,"minecraft:iron_ore":3,"minecraft:coal_ore":21,"minecraft:oak_log":29,"minecraft:dirt":86,"minecraft:stone":86,"minecraft:oak_leaves":8},"minecraft:used":{"minecraft:cooked_mutton":2,"minecraft:stone_shovel":30,"minecraft:stone_pickaxe":15,"minecraft:netherite_chestplate":1,"minecraft:wooden_pickaxe":7,"minecraft:dirt":63,"minecraft:netherite_leggings":1,"minecraft:crafting_table":4,"minecraft:white_bed":3,"minecraft:oak_log":3,"minecraft:wooden_axe":7,"minecraft:netherite_shovel":152,"minecraft:iron_pickaxe":93,"minecraft:netherite_axe":1,"minecraft:stone_axe":37,"minecraft:furnace":2,"minecraft:porkchop":1},"minecraft:picked_up":{"minecraft:birch_log":9,"minecraft:charcoal":5,"minecraft:crafting_table":4,"minecraft:oak_log":29,"minecraft:gunpowder":2,"minecraft:dirt":204,"minecraft:string":1,"minecraft:wheat_seeds":3,"minecraft:iron_pickaxe":1,"minecraft:light_gray_wool":1,"minecraft:furnace":3,"minecraft:raw_iron":5,"minecraft:porkchop":7,"minecraft:white_bed":4,"minecraft:spider_eye":1,"minecraft:rotten_flesh":7,"minecraft:stone_shovel":1,"minecraft:gray_wool":1,"minecraft:mutton":19,"minecraft:coal":21,"minecraft:white_wool":6,"minecraft:cobblestone":96},"minecraft:killed":{"minecraft:pig":4,"minecraft:spider":1,"minecraft:sheep":8,"minecraft:zombie":1}},"DataVersion":3953}