{"stats":{"minecraft:crafted":{"minecraft:crafting_table":2,"minecraft:stick":4,"minecraft:wooden_pickaxe":1,"minecraft:stone_pickaxe":1,"minecraft:furnace":1,"minecraft:birch_planks":24,"minecraft:cooked_mutton":6},"minecraft:custom":{"minecraft:time_since_rest":6834,"minecraft:interact_with_furnace":7,"minecraft:sprint_one_cm":77219,"minecraft:damage_taken":412,"minecraft:walk_one_cm":66881,"minecraft:mob_kills":14,"minecraft:drop":14,"minecraft:damage_dealt":1374,"minecraft:interact_with_crafting_table":5,"minecraft:fly_one_cm":84193,"minecraft:crouch_one_cm":1624,"minecraft:play_time":20811,"minecraft:deaths":1,"minecraft:sneak_time":482,"minecraft:walk_under_water_one_cm":3663,"minecraft:jump":482,"minecraft:walk_on_water_one_cm":3096,"minecraft:time_since_death":10415,"minecraft:sleep_in_bed":3,"minecraft:total_world_time":20811,"minecraft:fall_one_cm":12106},"minecraft:dropped":{"minecraft:furnace":1,"minecraft:wheat_seeds":6,"minecraft:mutton":5,"minecraft:charcoal":2,"minecraft:birch_sapling":1,"minecraft:stone_shovel":1,"minecraft:rotten_flesh":1,"minecraft:cobblestone":11,"minecraft:iron_pickaxe":1,"minecraft:white_bed":1},"minecraft:killed_by":{"minecraft:skeleton":1},"minecraft:mined":{"minecraft:white_bed":5,"minecraft:birch_log":6,"minecraft:iron_ore":6,"minecraft:crafting_table":1,"minecraft:short_grass":27,"minecraft:coal_ore":29,"minecraft:stone":59,"minecraft:oak_leaves":1},"minecraft:used":{"minecraft:cooked_mutton":3,"minecraft:stone_pickaxe":38,"minecraft:wooden_pickaxe":59,"minecraft:stone_axe":20,"minecraft:cobblestone":2,"minecraft:beef":1,"minecraft:crafting_table":2,"minecraft:furnace":1,"minecraft:porkchop":4,"minecraft:white_bed":5},"minecraft:picked_up":{"minecraft:birch_log":8,"minecraft:charcoal":2,"minecraft:raw_iron":6,"minecraft:stick":6,"minecraft:crafting_table":1,"minecraft:leather":1,"minecraft:birch_planks":15,"minecraft:porkchop":7,"minecraft:oak_log":4,"minecraft:white_bed":7,"minecraft:dirt":75,"minecraft:rotten_flesh":1,"minecraft:stone_shovel":1,"minecraft:stone_axe":2,"minecraft:wheat_seeds":6,"minecraft:beef":3,"minecraft:stone_pickaxe":3,"minecraft:iron_pickaxe":1,"minecraft:oak_planks":4,"minecraft:mutton":26,"minecraft:birch_sapling":1,"minecraft:coal":33,"minecraft:white_wool":9,"minecraft:cobblestone":136,"minecraft:furnace":1},"minecraft:broken":{"minecraft:wooden_pickaxe":1},"minecraft:killed":{"minecraft:sheep":9,"minecraft:pig":3,"minecraft:cow":2}},"DataVersion":3953}