{"stats":{"minecraft:broken":{"minecraft:wooden_pickaxe":1},"minecraft:mined":{"minecraft:white_bed":5,"minecraft:furnace":1,"minecraft:birch_log":6,"minecraft:iron_ore":6,"minecraft:crafting_table":2,"minecraft:short_grass":28,"minecraft:coal_ore":52,"minecraft:stone":73,"minecraft:oak_leaves":1},"minecraft:killed_by":{"minecraft:skeleton":1},"minecraft:custom":{"minecraft:time_since_rest":12430,"minecraft:interact_with_furnace":7,"minecraft:sprint_one_cm":116480,"minecraft:damage_taken":422,"minecraft:walk_one_cm":76505,"minecraft:mob_kills":16,"minecraft:drop":14,"minecraft:damage_dealt":1534,"minecraft:swim_one_cm":1304,"minecraft:interact_with_crafting_table":6,"minecraft:fly_one_cm":129951,"minecraft:crouch_one_cm":1624,"minecraft:play_time":26407,"minecraft:deaths":1,"minecraft:sneak_time":487,"minecraft:walk_under_water_one_cm":3737,"minecraft:jump":671,"minecraft:time_since_death":16011,"minecraft:walk_on_water_one_cm":3474,"minecraft:sleep_in_bed":3,"minecraft:total_world_time":26407,"minecraft:fall_one_cm":19574},"minecraft:used":{"minecraft:cooked_mutton":4,"minecraft:stone_pickaxe":77,"minecraft:wooden_pickaxe":59,"minecraft:stone_axe":23,"minecraft:cobblestone":2,"minecraft:beef":1,"minecraft:crafting_table":3,"minecraft:furnace":2,"minecraft:porkchop":4,"minecraft:white_bed":5},"minecraft:crafted":{"minecraft:oak_planks":16,"minecraft:crafting_table":3,"minecraft:stick":4,"minecraft:wooden_pickaxe":1,"minecraft:stone_pickaxe":1,"minecraft:furnace":2,"minecraft:birch_planks":24,"minecraft:cooked_mutton":6},"minecraft:dropped":{"minecraft:furnace":1,"minecraft:wheat_seeds":6,"minecraft:charcoal":2,"minecraft:mutton":5,"minecraft:birch_sapling":1,"minecraft:stone_shovel":1,"minecraft:cobblestone":11,"minecraft:rotten_flesh":1,"minecraft:iron_pickaxe":1,"minecraft:white_bed":1},"minecraft:picked_up":{"minecraft:birch_log":8,"minecraft:crafting_table":2,"minecraft:charcoal":2,"minecraft:stick":6,"minecraft:raw_iron":6,"minecraft:leather":1,"minecraft:birch_planks":15,"minecraft:porkchop":7,"minecraft:oak_log":4,"minecraft:white_bed":7,"minecraft:dirt":75,"minecraft:stone_shovel":1,"minecraft:rotten_flesh":1,"minecraft:stone_axe":2,"minecraft:wheat_seeds":7,"minecraft:beef":3,"minecraft:stone_pickaxe":3,"minecraft:iron_pickaxe":1,"minecraft:birch_sapling":1,"minecraft:mutton":28,"minecraft:oak_planks":4,"minecraft:coal":56,"minecraft:white_wool":11,"minecraft:cobblestone":150,"minecraft:furnace":2},"minecraft:killed":{"minecraft:sheep":11,"minecraft:pig":3,"minecraft:cow":2}},"DataVersion":3953}