{"stats":{"minecraft:broken":{"minecraft:wooden_pickaxe":1},"minecraft:mined":{"minecraft:white_bed":5,"minecraft:furnace":1,"minecraft:birch_log":6,"minecraft:iron_ore":28,"minecraft:crafting_table":2,"minecraft:short_grass":32,"minecraft:coal_ore":55,"minecraft:stone":79,"minecraft:oak_leaves":1},"minecraft:killed_by":{"minecraft:skeleton":1,"minecraft:zombie":1},"minecraft:custom":{"minecraft:time_since_rest":3842,"minecraft:interact_with_furnace":13,"minecraft:sprint_one_cm":196696,"minecraft:damage_taken":762,"minecraft:walk_one_cm":106931,"minecraft:mob_kills":27,"minecraft:drop":15,"minecraft:damage_dealt":2534,"minecraft:swim_one_cm":3945,"minecraft:interact_with_crafting_table":8,"minecraft:fly_one_cm":194347,"minecraft:crouch_one_cm":2046,"minecraft:play_time":38407,"minecraft:deaths":2,"minecraft:sneak_time":575,"minecraft:walk_under_water_one_cm":3976,"minecraft:jump":1077,"minecraft:time_since_death":3723,"minecraft:walk_on_water_one_cm":5054,"minecraft:sleep_in_bed":3,"minecraft:total_world_time":38407,"minecraft:fall_one_cm":29718},"minecraft:used":{"minecraft:cooked_mutton":6,"minecraft:stone_pickaxe":108,"minecraft:wooden_pickaxe":59,"minecraft:stone_axe":40,"minecraft:mutton":1,"minecraft:dirt":2,"minecraft:cobblestone":2,"minecraft:beef":1,"minecraft:crafting_table":4,"minecraft:furnace":3,"minecraft:porkchop":4,"minecraft:white_bed":5},"minecraft:crafted":{"minecraft:oak_planks":16,"minecraft:crafting_table":3,"minecraft:stick":4,"minecraft:iron_ingot":4,"minecraft:wooden_pickaxe":1,"minecraft:stone_pickaxe":1,"minecraft:furnace":2,"minecraft:birch_planks":24,"minecraft:cooked_mutton":6},"minecraft:dropped":{"minecraft:furnace":1,"minecraft:wheat_seeds":7,"minecraft:charcoal":2,"minecraft:mutton":5,"minecraft:birch_sapling":1,"minecraft:stone_shovel":1,"minecraft:cobblestone":11,"minecraft:rotten_flesh":1,"minecraft:iron_pickaxe":1,"minecraft:white_bed":1},"minecraft:picked_up":{"minecraft:birch_log":8,"minecraft:crafting_table":2,"minecraft:charcoal":2,"minecraft:stick":6,"minecraft:raw_iron":28,"minecraft:leather":1,"minecraft:birch_planks":15,"minecraft:porkchop":19,"minecraft:oak_log":4,"minecraft:white_bed":7,"minecraft:dirt":75,"minecraft:stone_shovel":1,"minecraft:rotten_flesh":1,"minecraft:stone_axe":2,"minecraft:wheat_seeds":8,"minecraft:beef":3,"minecraft:stone_pickaxe":3,"minecraft:iron_pickaxe":1,"minecraft:birch_sapling":1,"minecraft:mutton":36,"minecraft:oak_planks":4,"minecraft:coal":59,"minecraft:white_wool":17,"minecraft:cobblestone":156,"minecraft:furnace":2},"minecraft:killed":{"minecraft:sheep":16,"minecraft:pig":9,"minecraft:cow":2}},"DataVersion":3953}