{"stats":{"minecraft:crafted":{"minecraft:birch_planks":24,"minecraft:crafting_table":1,"minecraft:stick":4,"minecraft:stone_pickaxe":1,"minecraft:wooden_pickaxe":1},"minecraft:custom":{"minecraft:time_since_rest":8811,"minecraft:crouch_one_cm":1605,"minecraft:play_time":8811,"minecraft:sprint_one_cm":13694,"minecraft:damage_taken":217,"minecraft:walk_one_cm":30030,"minecraft:sneak_time":469,"minecraft:walk_under_water_one_cm":3663,"minecraft:mob_kills":2,"minecraft:drop":5,"minecraft:jump":156,"minecraft:damage_dealt":317,"minecraft:time_since_death":8811,"minecraft:walk_on_water_one_cm":3096,"minecraft:total_world_time":8811,"minecraft:interact_with_crafting_table":2,"minecraft:fall_one_cm":3044,"minecraft:fly_one_cm":26320},"minecraft:dropped":{"minecraft:wheat_seeds":6,"minecraft:birch_sapling":1},"minecraft:used":{"minecraft:crafting_table":1,"minecraft:stone_pickaxe":5,"minecraft:porkchop":4,"minecraft:wooden_pickaxe":59},"minecraft:mined":{"minecraft:short_grass":22,"minecraft:coal_ore":4,"minecraft:iron_ore":1,"minecraft:birch_log":6,"minecraft:stone":59,"minecraft:crafting_table":1},"minecraft:picked_up":{"minecraft:birch_log":6,"minecraft:stick":2,"minecraft:crafting_table":1,"minecraft:raw_iron":1,"minecraft:wheat_seeds":6,"minecraft:porkchop":4,"minecraft:coal":4,"minecraft:birch_sapling":1,"minecraft:dirt":64,"minecraft:cobblestone":59},"minecraft:broken":{"minecraft:wooden_pickaxe":1},"minecraft:killed":{"minecraft:pig":2}},"DataVersion":3953}