{"stats":{"minecraft:broken":{"minecraft:wooden_pickaxe":1},"minecraft:mined":{"minecraft:white_bed":7,"minecraft:kelp_plant":1,"minecraft:brewing_stand":1,"minecraft:crafting_table":5,"minecraft:short_grass":36,"minecraft:grass_block":2,"minecraft:tall_grass":2,"minecraft:cobblestone":1,"minecraft:kelp":1,"minecraft:pink_petals":49,"minecraft:tall_seagrass":2,"minecraft:furnace":3,"minecraft:birch_log":6,"minecraft:iron_ore":30,"minecraft:fire":10,"minecraft:birch_leaves":3,"minecraft:coal_ore":62,"minecraft:dirt":5,"minecraft:stone":79,"minecraft:oak_leaves":1},"minecraft:killed_by":{"minecraft:skeleton":1,"minecraft:zombie":1},"minecraft:custom":{"minecraft:interact_with_furnace":21,"minecraft:mob_kills":33,"minecraft:interact_with_crafting_table":11,"minecraft:bell_ring":8,"minecraft:time_since_death":57723,"minecraft:sleep_in_bed":6,"minecraft:time_since_rest":25804,"minecraft:sprint_one_cm":418433,"minecraft:damage_taken":987,"minecraft:walk_one_cm":173149,"minecraft:drop":26,"minecraft:damage_dealt":2901,"minecraft:talked_to_villager":2,"minecraft:swim_one_cm":20786,"minecraft:fly_one_cm":429757,"minecraft:open_chest":5,"minecraft:crouch_one_cm":2854,"minecraft:play_time":92407,"minecraft:deaths":2,"minecraft:sneak_time":884,"minecraft:walk_under_water_one_cm":12973,"minecraft:boat_one_cm":436767,"minecraft:jump":2311,"minecraft:walk_on_water_one_cm":10041,"minecraft:total_world_time":92407,"minecraft:fall_one_cm":59584},"minecraft:used":{"minecraft:cooked_mutton":13,"minecraft:stone_pickaxe":121,"minecraft:birch_boat":5,"minecraft:wooden_pickaxe":59,"minecraft:iron_sword":2,"minecraft:dirt":18,"minecraft:mutton":4,"minecraft:crafting_table":7,"minecraft:white_bed":7,"minecraft:chicken":4,"minecraft:stone_axe":41,"minecraft:pink_petals":19,"minecraft:cobblestone":15,"minecraft:beef":3,"minecraft:furnace":4,"minecraft:porkchop":7},"minecraft:crafted":{"minecraft:oak_planks":16,"minecraft:cooked_porkchop":15,"minecraft:crafting_table":4,"minecraft:birch_boat":1,"minecraft:wooden_pickaxe":1,"minecraft:iron_sword":1,"minecraft:furnace":2,"minecraft:birch_planks":24,"minecraft:cooked_mutton":13,"minecraft:shield":1,"minecraft:stick":8,"minecraft:iron_ingot":27,"minecraft:stone_pickaxe":1},"minecraft:dropped":{"minecraft:furnace":1,"minecraft:kelp":2,"minecraft:wheat_seeds":10,"minecraft:birch_sapling":1,"minecraft:stone_shovel":1,"minecraft:feather":5,"minecraft:rotten_flesh":1,"minecraft:cobblestone":11,"minecraft:leather":1,"minecraft:white_bed":1,"minecraft:mutton":5,"minecraft:charcoal":2,"minecraft:iron_pickaxe":1},"minecraft:picked_up":{"minecraft:birch_log":10,"minecraft:pink_petals":147,"minecraft:charcoal":2,"minecraft:crafting_table":5,"minecraft:feather":5,"minecraft:chicken":4,"minecraft:leather":2,"minecraft:birch_planks":30,"minecraft:oak_log":4,"minecraft:brewing_stand":1,"minecraft:dirt":91,"minecraft:kelp":2,"minecraft:wheat_seeds":11,"minecraft:iron_ingot":4,"minecraft:beef":5,"minecraft:stone_pickaxe":5,"minecraft:iron_pickaxe":1,"minecraft:birch_sapling":1,"minecraft:oak_planks":16,"minecraft:furnace":4,"minecraft:stick":10,"minecraft:raw_iron":30,"minecraft:birch_boat":5,"minecraft:porkchop":37,"minecraft:white_bed":10,"minecraft:rotten_flesh":1,"minecraft:stone_shovel":1,"minecraft:stone_axe":3,"minecraft:coal":107,"minecraft:mutton":46,"minecraft:white_wool":34,"minecraft:cobblestone":225},"minecraft:killed":{"minecraft:pig":11,"minecraft:sheep":16,"minecraft:chicken":4,"minecraft:cow":2}},"DataVersion":3953}