{"stats":{"minecraft:broken":{"minecraft:wooden_pickaxe":1},"minecraft:mined":{"minecraft:white_bed":6,"minecraft:crafting_table":4,"minecraft:short_grass":35,"minecraft:grass_block":2,"minecraft:cobblestone":1,"minecraft:furnace":3,"minecraft:birch_log":6,"minecraft:iron_ore":28,"minecraft:coal_ore":55,"minecraft:dirt":5,"minecraft:stone":79,"minecraft:oak_leaves":1},"minecraft:killed_by":{"minecraft:skeleton":1,"minecraft:zombie":1},"minecraft:custom":{"minecraft:interact_with_furnace":21,"minecraft:mob_kills":33,"minecraft:interact_with_crafting_table":10,"minecraft:time_since_death":21723,"minecraft:sleep_in_bed":4,"minecraft:time_since_rest":3036,"minecraft:sprint_one_cm":266060,"minecraft:damage_taken":917,"minecraft:walk_one_cm":142270,"minecraft:drop":22,"minecraft:damage_dealt":2901,"minecraft:swim_one_cm":6572,"minecraft:fly_one_cm":243958,"minecraft:open_chest":1,"minecraft:crouch_one_cm":2160,"minecraft:play_time":56407,"minecraft:deaths":2,"minecraft:sneak_time":601,"minecraft:walk_under_water_one_cm":4154,"minecraft:jump":1424,"minecraft:walk_on_water_one_cm":6141,"minecraft:total_world_time":56407,"minecraft:fall_one_cm":34839},"minecraft:used":{"minecraft:cooked_mutton":7,"minecraft:stone_pickaxe":111,"minecraft:wooden_pickaxe":59,"minecraft:dirt":18,"minecraft:mutton":4,"minecraft:crafting_table":6,"minecraft:white_bed":6,"minecraft:chicken":4,"minecraft:stone_axe":41,"minecraft:cobblestone":13,"minecraft:beef":3,"minecraft:furnace":4,"minecraft:porkchop":7},"minecraft:crafted":{"minecraft:oak_planks":16,"minecraft:cooked_porkchop":15,"minecraft:crafting_table":4,"minecraft:wooden_pickaxe":1,"minecraft:iron_sword":1,"minecraft:furnace":2,"minecraft:birch_planks":24,"minecraft:cooked_mutton":13,"minecraft:shield":1,"minecraft:stick":8,"minecraft:iron_ingot":27,"minecraft:stone_pickaxe":1},"minecraft:dropped":{"minecraft:furnace":1,"minecraft:wheat_seeds":8,"minecraft:birch_sapling":1,"minecraft:stone_shovel":1,"minecraft:feather":5,"minecraft:rotten_flesh":1,"minecraft:cobblestone":11,"minecraft:leather":1,"minecraft:white_bed":1,"minecraft:mutton":5,"minecraft:charcoal":2,"minecraft:iron_pickaxe":1},"minecraft:picked_up":{"minecraft:birch_log":10,"minecraft:charcoal":2,"minecraft:crafting_table":4,"minecraft:feather":5,"minecraft:chicken":4,"minecraft:leather":2,"minecraft:birch_planks":30,"minecraft:oak_log":4,"minecraft:dirt":91,"minecraft:wheat_seeds":9,"minecraft:iron_ingot":4,"minecraft:beef":5,"minecraft:stone_pickaxe":5,"minecraft:iron_pickaxe":1,"minecraft:birch_sapling":1,"minecraft:oak_planks":16,"minecraft:furnace":4,"minecraft:stick":10,"minecraft:raw_iron":28,"minecraft:porkchop":37,"minecraft:white_bed":9,"minecraft:rotten_flesh":1,"minecraft:stone_shovel":1,"minecraft:stone_axe":3,"minecraft:coal":100,"minecraft:mutton":46,"minecraft:white_wool":34,"minecraft:cobblestone":225},"minecraft:killed":{"minecraft:pig":11,"minecraft:sheep":16,"minecraft:chicken":4,"minecraft:cow":2}},"DataVersion":3953}